-- MySQL dump 10.13  Distrib 8.0.27, for Linux (x86_64)
--
-- Host: localhost    Database: industry4medical
-- ------------------------------------------------------
-- Server version	8.0.27

/*!40101 SET @OLD_CHARACTER_SET_CLIENT=@@CHARACTER_SET_CLIENT */;
/*!40101 SET @OLD_CHARACTER_SET_RESULTS=@@CHARACTER_SET_RESULTS */;
/*!40101 SET @OLD_COLLATION_CONNECTION=@@COLLATION_CONNECTION */;
/*!50503 SET NAMES utf8mb4 */;
/*!40103 SET @OLD_TIME_ZONE=@@TIME_ZONE */;
/*!40103 SET TIME_ZONE='+00:00' */;
/*!40014 SET @OLD_UNIQUE_CHECKS=@@UNIQUE_CHECKS, UNIQUE_CHECKS=0 */;
/*!40014 SET @OLD_FOREIGN_KEY_CHECKS=@@FOREIGN_KEY_CHECKS, FOREIGN_KEY_CHECKS=0 */;
/*!40101 SET @OLD_SQL_MODE=@@SQL_MODE, SQL_MODE='NO_AUTO_VALUE_ON_ZERO' */;
/*!40111 SET @OLD_SQL_NOTES=@@SQL_NOTES, SQL_NOTES=0 */;

--
-- Table structure for table `tbl_challenge`
--

DROP TABLE IF EXISTS `tbl_challenge`;
/*!40101 SET @saved_cs_client     = @@character_set_client */;
/*!50503 SET character_set_client = utf8mb4 */;
CREATE TABLE `tbl_challenge` (
  `challenge_id` bigint NOT NULL AUTO_INCREMENT,
  `challenge_name` varchar(255) DEFAULT NULL,
  `challenge_description` varchar(255) DEFAULT NULL,
  `valid_from_datetime` datetime DEFAULT NULL,
  `valid_to_datetime` datetime DEFAULT NULL,
  `created_datetime` datetime DEFAULT CURRENT_TIMESTAMP,
  `created_by_user_id` bigint NOT NULL,
  PRIMARY KEY (`challenge_id`),
  UNIQUE KEY `idx_challenge_id` (`challenge_id`),
  KEY `fk_challenge_user_id` (`created_by_user_id`),
  CONSTRAINT `fk_challenge_user_id` FOREIGN KEY (`created_by_user_id`) REFERENCES `tbl_user` (`user_id`)
) ENGINE=InnoDB AUTO_INCREMENT=8 DEFAULT CHARSET=utf8mb4 COLLATE=utf8mb4_0900_ai_ci;
/*!40101 SET character_set_client = @saved_cs_client */;

--
-- Dumping data for table `tbl_challenge`
--

LOCK TABLES `tbl_challenge` WRITE;
/*!40000 ALTER TABLE `tbl_challenge` DISABLE KEYS */;
INSERT INTO `tbl_challenge` VALUES (1,'Test Challenge 1','Test challenge description','2021-05-31 00:00:00','2021-06-30 00:00:00','2021-05-25 23:05:12',51),(2,'Test Challenge 2','Lorem challenge ipsum challenges','2021-05-31 00:00:00','2021-06-15 09:00:00','2021-05-25 23:05:12',51),(3,'Test Challenge 3','Test lorem for the chalenge','2021-05-28 00:00:00','2021-06-11 18:00:00','2021-05-25 23:05:12',51),(6,'Next Test Challenge Modified','Lorem Lorem next challenge ipsum','2021-12-20 00:00:00','2021-12-24 00:00:00','2021-12-18 16:59:45',51),(7,'Next Test Challenge','Lorem Lorem next challenge ipsum','2021-12-20 00:00:00','2021-12-24 00:00:00','2021-12-18 17:13:54',51);
/*!40000 ALTER TABLE `tbl_challenge` ENABLE KEYS */;
UNLOCK TABLES;

--
-- Table structure for table `tbl_permission`
--

DROP TABLE IF EXISTS `tbl_permission`;
/*!40101 SET @saved_cs_client     = @@character_set_client */;
/*!50503 SET character_set_client = utf8mb4 */;
CREATE TABLE `tbl_permission` (
  `permission_id` bigint NOT NULL AUTO_INCREMENT,
  `permission_name` varchar(255) NOT NULL,
  `description` varchar(4096) DEFAULT NULL,
  PRIMARY KEY (`permission_id`),
  UNIQUE KEY `permission_id` (`permission_id`)
) ENGINE=InnoDB AUTO_INCREMENT=3 DEFAULT CHARSET=utf8mb4 COLLATE=utf8mb4_0900_ai_ci;
/*!40101 SET character_set_client = @saved_cs_client */;

--
-- Dumping data for table `tbl_permission`
--

LOCK TABLES `tbl_permission` WRITE;
/*!40000 ALTER TABLE `tbl_permission` DISABLE KEYS */;
INSERT INTO `tbl_permission` VALUES (1,'admin','Administration permissions'),(2,'challenge_owner','Can own a challenge');
/*!40000 ALTER TABLE `tbl_permission` ENABLE KEYS */;
UNLOCK TABLES;

--
-- Table structure for table `tbl_user`
--

DROP TABLE IF EXISTS `tbl_user`;
/*!40101 SET @saved_cs_client     = @@character_set_client */;
/*!50503 SET character_set_client = utf8mb4 */;
CREATE TABLE `tbl_user` (
  `user_id` bigint NOT NULL AUTO_INCREMENT,
  `username` varchar(255) DEFAULT NULL,
  `password` varchar(255) DEFAULT NULL,
  `public_key` varchar(255) DEFAULT NULL,
  `created_datetime` datetime DEFAULT CURRENT_TIMESTAMP,
  `last_logged_in` timestamp NULL DEFAULT NULL,
  `deactivated_datetime` timestamp NULL DEFAULT NULL,
  PRIMARY KEY (`user_id`),
  UNIQUE KEY `idx_user_id` (`user_id`)
) ENGINE=InnoDB AUTO_INCREMENT=52 DEFAULT CHARSET=utf8mb4 COLLATE=utf8mb4_0900_ai_ci;
/*!40101 SET character_set_client = @saved_cs_client */;

--
-- Dumping data for table `tbl_user`
--

LOCK TABLES `tbl_user` WRITE;
/*!40000 ALTER TABLE `tbl_user` DISABLE KEYS */;
INSERT INTO `tbl_user` VALUES (1,'user@example.com','1234',NULL,'2021-05-24 09:29:57',NULL,'2021-12-16 18:28:55'),(2,'moe.ogrady@gmail.com',NULL,NULL,'2021-05-24 09:29:57','2021-12-16 18:28:55',NULL),(3,'john.snow@gmail.com',NULL,NULL,'2021-05-24 09:29:57',NULL,NULL),(4,'ann.zavala@gmail.com',NULL,NULL,'2021-05-24 09:29:57',NULL,NULL),(5,'john.smith@gmail.com',NULL,NULL,'2021-05-24 09:29:57',NULL,NULL),(6,'sue.shea@gmail.com',NULL,NULL,'2021-05-24 09:29:57',NULL,NULL),(7,'darren.falangan@gmail.com',NULL,NULL,'2021-05-24 09:29:57',NULL,NULL),(8,'roberta.perry@gmail.com',NULL,NULL,'2021-05-24 09:29:57',NULL,NULL),(9,'monica.doherty@gmail.com',NULL,NULL,'2021-05-24 09:29:57',NULL,NULL),(10,'frank.allan@gmail.com',NULL,NULL,'2021-05-24 09:29:57',NULL,NULL),(11,'rosario.suarez@gmail.com',NULL,NULL,'2021-05-24 09:29:57',NULL,NULL),(12,'caryl.zamora@gmail.com',NULL,NULL,'2021-05-24 09:29:57',NULL,NULL),(13,'juan.portillo@gmail.com',NULL,NULL,'2021-05-24 09:29:57',NULL,NULL),(14,'carol.hoffman@gmail.com',NULL,NULL,'2021-05-24 09:29:57',NULL,NULL),(15,'xenia.gore@gmail.com',NULL,NULL,'2021-05-24 09:29:57',NULL,NULL),(16,'natalie.bernner@gmail.com',NULL,NULL,'2021-05-24 09:29:57',NULL,NULL),(17,'sean.hurst@gmail.com',NULL,NULL,'2021-05-24 09:29:57',NULL,NULL),(18,'brian.monroe@gmail.com',NULL,NULL,'2021-05-24 09:29:57',NULL,NULL),(19,'ina.lam@gmail.com',NULL,NULL,'2021-05-24 09:29:57',NULL,NULL),(47,'testInsertOne@test.com',NULL,NULL,'2021-06-14 17:05:23',NULL,NULL),(48,'testOfTestTWO@test.com',NULL,NULL,'2021-06-14 17:14:22',NULL,NULL),(49,'testOfTestFour@test.com',NULL,NULL,'2021-06-14 17:26:18',NULL,NULL),(51,'testOfTest@test.com','$2b$12$AriMgEgjFF3NB0a0gFSHDuLK61JA76sraawytsske/Bv3E3deIrWu',NULL,'2021-11-24 19:41:29','2021-12-20 23:24:53',NULL);
/*!40000 ALTER TABLE `tbl_user` ENABLE KEYS */;
UNLOCK TABLES;

--
-- Table structure for table `tbl_user_challenge`
--

DROP TABLE IF EXISTS `tbl_user_challenge`;
/*!40101 SET @saved_cs_client     = @@character_set_client */;
/*!50503 SET character_set_client = utf8mb4 */;
CREATE TABLE `tbl_user_challenge` (
  `user_challenge_id` bigint NOT NULL AUTO_INCREMENT,
  `user_id` bigint NOT NULL,
  `challenge_id` bigint NOT NULL,
  `user_score` int DEFAULT '0',
  `is_completed` tinyint(1) DEFAULT '0',
  `enrolled_datetime` datetime DEFAULT CURRENT_TIMESTAMP,
  PRIMARY KEY (`user_challenge_id`),
  UNIQUE KEY `idx_user_challenge_id` (`user_challenge_id`),
  KEY `idx_user_challenge_user_id` (`user_id`),
  KEY `idx_user_challenge_challenge_id` (`challenge_id`),
  CONSTRAINT `tbl_user_challenge_ibfk_1` FOREIGN KEY (`user_id`) REFERENCES `tbl_user` (`user_id`),
  CONSTRAINT `tbl_user_challenge_ibfk_2` FOREIGN KEY (`challenge_id`) REFERENCES `tbl_challenge` (`challenge_id`)
) ENGINE=InnoDB AUTO_INCREMENT=21 DEFAULT CHARSET=utf8mb4 COLLATE=utf8mb4_0900_ai_ci;
/*!40101 SET character_set_client = @saved_cs_client */;

--
-- Dumping data for table `tbl_user_challenge`
--

LOCK TABLES `tbl_user_challenge` WRITE;
/*!40000 ALTER TABLE `tbl_user_challenge` DISABLE KEYS */;
INSERT INTO `tbl_user_challenge` VALUES (1,1,1,0,0,'2021-05-31 12:00:00'),(2,1,2,0,0,'2021-05-31 12:00:00'),(3,11,2,0,0,'2021-05-31 12:00:00'),(4,2,3,0,0,'2021-05-31 12:00:00'),(5,49,1,0,0,'2021-12-16 18:38:33'),(6,49,2,50,0,'2021-12-16 18:38:33'),(7,49,3,13,0,'2021-12-16 18:38:33'),(8,51,1,0,0,'2021-12-16 18:38:33'),(9,51,2,50,0,'2021-12-16 18:38:33'),(10,51,3,13,0,'2021-12-16 18:38:33'),(19,2,1,210,0,'2021-12-18 00:00:00'),(20,2,2,56,0,'2021-12-18 00:00:04');
/*!40000 ALTER TABLE `tbl_user_challenge` ENABLE KEYS */;
UNLOCK TABLES;

--
-- Table structure for table `tbl_user_permission`
--

DROP TABLE IF EXISTS `tbl_user_permission`;
/*!40101 SET @saved_cs_client     = @@character_set_client */;
/*!50503 SET character_set_client = utf8mb4 */;
CREATE TABLE `tbl_user_permission` (
  `user_permission_id` bigint NOT NULL AUTO_INCREMENT,
  `user_id` bigint NOT NULL,
  `permission_id` bigint NOT NULL,
  PRIMARY KEY (`user_permission_id`),
  UNIQUE KEY `user_permission_id` (`user_permission_id`),
  KEY `user_id` (`user_id`),
  KEY `permission_id` (`permission_id`),
  CONSTRAINT `tbl_user_permission_ibfk_1` FOREIGN KEY (`user_id`) REFERENCES `tbl_user` (`user_id`),
  CONSTRAINT `tbl_user_permission_ibfk_2` FOREIGN KEY (`permission_id`) REFERENCES `tbl_permission` (`permission_id`)
) ENGINE=InnoDB AUTO_INCREMENT=3 DEFAULT CHARSET=utf8mb4 COLLATE=utf8mb4_0900_ai_ci;
/*!40101 SET character_set_client = @saved_cs_client */;

--
-- Dumping data for table `tbl_user_permission`
--

LOCK TABLES `tbl_user_permission` WRITE;
/*!40000 ALTER TABLE `tbl_user_permission` DISABLE KEYS */;
INSERT INTO `tbl_user_permission` VALUES (1,51,1),(2,51,2);
/*!40000 ALTER TABLE `tbl_user_permission` ENABLE KEYS */;
UNLOCK TABLES;

--
-- Table structure for table `tbl_user_sleep_data`
--

DROP TABLE IF EXISTS `tbl_user_sleep_data`;
/*!40101 SET @saved_cs_client     = @@character_set_client */;
/*!50503 SET character_set_client = utf8mb4 */;
CREATE TABLE `tbl_user_sleep_data` (
  `user_sleep_data_id` bigint NOT NULL AUTO_INCREMENT,
  `user_id` bigint NOT NULL,
  `sleep_data` varchar(1024) DEFAULT NULL,
  `created_datetime` datetime DEFAULT CURRENT_TIMESTAMP,
  PRIMARY KEY (`user_sleep_data_id`),
  UNIQUE KEY `idx_ser_sleep_data_id` (`user_sleep_data_id`),
  KEY `idx_user_sleep_data_user_id` (`user_id`),
  CONSTRAINT `tbl_user_sleep_data_ibfk_1` FOREIGN KEY (`user_id`) REFERENCES `tbl_user` (`user_id`)
) ENGINE=InnoDB AUTO_INCREMENT=34 DEFAULT CHARSET=utf8mb4 COLLATE=utf8mb4_0900_ai_ci;
/*!40101 SET character_set_client = @saved_cs_client */;

--
-- Dumping data for table `tbl_user_sleep_data`
--

LOCK TABLES `tbl_user_sleep_data` WRITE;
/*!40000 ALTER TABLE `tbl_user_sleep_data` DISABLE KEYS */;
INSERT INTO `tbl_user_sleep_data` VALUES (1,1,'{\"some_id\": 75,\"some_data\": [1501,4142,1675,4010,1285,7139,4478,5999,9674,7590,5940,5696,2805,4975,8694,5251,8695,8409,6103,3937,4650,6407,3060,4279,9028,2768,8867,5435,4853,943,8360,5178,6798,9939,4559,264,3146,3895,1080,6226,4922,2959,4336,3890,752,9847,1650,6208,6061,5391,4710,5203,8905,8651,4344,8848,6689,3209,1894,1221,1650,9156,873,1231,838,9733,1350,3198,2486,5399,8134,5822,8949,5155,7934,1162,7261,964,1007,6156,8435,8122,4589,5673,6375,8251,3146,187,9648,7386,7074,677,2839,3105,1283,2287,9204,8086,7881,2726,730,5532,1685,5189,5294,3518,7928,5006,4029,4687,883,4788,6594,5598,3906,2877,1457,5082,8364,96,2244,8517,841,756,8746,9501,2712,2278,517,8384,9756,2736,5937,6939,9728,7720,2183,7028,2706,2734,5001,401,2016,6531,275,4715,9735,4843,4987,9478,5254,8028,5287,5404,1115,3981,6347,1959,2918,7456,2090,1360,1543,6989,9510,772,7680,5529,6971,1239,3927,8298,1343,6060,1315,3619,4613,2669,3407,9052,1472,5716,7272,5369,2962,2526,1784,1468,4872,6272,2350,7400,6378,7576,5793,5834,1075,4806,5395,1275,717,3064,8260','2021-05-31 22:34:45'),(2,2,'{\"some_id\": 12,\"some_data\": [7599,3277,7067,3224,8950,469,7022,3251,8421,2637,2164,8960,9845,2288,2661,5328,2782,5886,5797,810,1059,2644,7959,4588,9091,4250,9336,5684,2596,4146,1983,2157,721,500,2150,5156,7725,8751,8811,9036,1865,396,3352,6474,2340,6207,5014,7534,6913,4721,1310,3705,6930,1931,1742,3508,4548,2230,7363,7355,1532,1780,5676,146,8922,9117,2937,5115,1441,9609,4355,9646,1929,7696,7788,4939,1370,6715,8377,685,2271,3556,7386,4232,394,232,4470,6738,5042,518,7444,5093,2213,2756,9728,8540,171,6780,5003,319,1145,3235,5954,1812,9914,4165,9050,3208,8847,3580,8541,6258,2690,6834,625,8801,2526,7030,1787,7465,5096,6692,957,1275,9603,9998,1188,8494,508,6409,7350,2028,9907,4902,4808,9720,1692,8619,9416,4035,1914,8223,910,7146,9038,2016,6617,3659,6921,9600,4799,9905,7441,1872,5759,3777,6686,7792,4974,8793,7363,8556,7264,3539,7859,2948,4700,1938,6929,2453,8098,9469,3327,579,2590,4264,8138,9320,989,2130,3668,483,3505,7254,586,555,2275,9331,6435,3666,1617,8686,8872,2356,3,2925,3544,3361,8566,5754,3295,6920,794,5398,','2021-05-31 21:34:45'),(3,3,'{\"some_id\": 1,\"some_data\": [8281,3335,6015,9904,9851,8621,5967,5154,7202,3491,4474,5803,2907,7753,4199,9665,6662,7845,4714,7480,8680,1980,8960,5358,2246,5050,8360,157,2140,705,1721,9423,6627,7507,6598,5464,1064,4047,1382,2291,444,580,4161,3741,8647,3563,4815,5266,9505,7876,8092,8255,1702,4113,3482,2648,8662,4168,6636,6467,2787,9991,7570,3706,1621,628,2566,7375,4822,7122,1848,4966,255,2265,5033,7139,6333,235,9397,2150,4529,5434,838,6553,3021,3367,3751,1786,2258,5367,1691,706,5087,1386,2803,8339,9961,9313,2503,3796,2281,2891,8063,2945,759,1784,5229,8095,7832,6823,6534,8231,3441,8892,3938,5316,7061,3740,6118,5725,5667,1511,5685,3182,4236,8283,7799,5406,7890,3970,5917,1066,4322,7314,9892,7912,5848,4964,2608,9328,9948,7544,6041,1836,2287,7907,9068,6726,4615,4525,8289,8008,7368,7499,3904,7591,4557,8294,1033,2003,3795,2698,7575,5821,7762,4805,853,8873,6740,2179,4330,5938,4763,190,9083,9496,4418,3053,2123,4622,2760,7145,4215,7088,9644,9726,1818,9532,8264,9493,8344,5358,5284,2651,7915,8973,7917,9137,2139,6430,3452,989','2021-05-31 23:39:21'),(4,1,'{\"DataType\":\"ACC\",\"2021-06-14 00:25:11.723\":\"[-0.893472, 9.77631, 0.81235]\",\"2021-06-14 00:25:11.733\":\"[-1.01796, 9.77631, 0.81235]\",\"2021-06-14 00:25:11.745\":\"[-1.04489, 9.77631, 0.81235]\",\"2021-06-14 00:25:11.752\":\"[-0.96233, 9.77631, 0.81235]\",\"2021-06-14 00:25:11.765\":\"[-0.775814, 9.77631, 0.81235]\",\"2021-06-14 00:25:11.773\":\"[-0.515434, 9.77631, 0.81235]\",\"2021-06-14 00:25:11.783\":\"[-0.236801, 9.77631, 0.81235]\",\"2021-06-14 00:25:11.796\":\"[-0.0348587, 9.77631, 0.81235]\",\"2021-06-14 00:25:11.803\":\"[0.0, 9.77631, 0.81235]\",\"2021-06-14 00:34:57.543\":\"[-0.302787, 9.77631, 0.81235]\",\"2021-06-14 00:34:57.557\":\"[-0.76814, 9.77631, 0.81235]\",\"2021-06-14 00:34:57.563\":\"[-1.11449, 9.77631, 0.81235]\",\"2021-06-14 00:34:57.573\":\"[-1.2497, 9.77631, 0.81235]\",\"2021-06-14 00:34:57.583\":\"[-1.20201, 9.77631, 0.81235]\",\"2021-06-14 00:34:57.593\":\"[-1.05495, 9.77631, 0.81235]\",\"2021-06-14 00:34:57.606\":\"[-0.867591, 9.77631, 0.81235]\",\"2021-06-14 00:34:57.613\":\"[-0.63657, 9.77631, 0.81235]\",\"2021-06-14 00:34:57.623\":\"[-0.3690','2021-06-14 18:41:37'),(5,1,'{\"DataType\":\"ACC\",\"2021-06-14 00:34:57.703\":\"[1.00991, 9.77631, 0.81235]\",\"2021-06-14 00:34:57.713\":\"[0.862131, 9.77631, 0.81235]\",\"2021-06-14 00:34:57.726\":\"[0.648521, 9.77631, 0.81235]\",\"2021-06-14 00:34:57.733\":\"[0.401599, 9.77631, 0.81235]\",\"2021-06-14 00:34:57.743\":\"[0.168894, 9.77631, 0.81235]\",\"2021-06-14 00:34:57.753\":\"[0.0186996, 9.77631, 0.81235]\",\"2021-06-14 00:34:57.763\":\"[0.0, 9.77631, 0.81235]\",\"2021-06-14 00:34:58.163\":\"[0.342148, 9.77631, 0.81235]\",\"2021-06-14 00:34:58.173\":\"[0.910844, 9.77631, 0.81235]\",\"2021-06-14 00:34:58.183\":\"[1.26128, 9.77631, 0.81235]\",\"2021-06-14 00:34:58.193\":\"[1.20118, 9.77631, 0.81235]\",\"2021-06-14 00:34:58.203\":\"[0.752704, 9.77631, 0.81235]\",\"2021-06-14 00:34:58.213\":\"[0.0633392, 9.77631, 0.81235]\",\"2021-06-14 00:34:58.223\":\"[-0.645781, 9.77631, 0.81235]\",\"2021-06-14 00:34:58.233\":\"[-1.14923, 9.77631, 0.81235]\",\"2021-06-14 00:34:58.243\":\"[-1.27994, 9.77631, 0.81235]\",\"2021-06-14 00:34:58.253\":\"[-0.994453, 9.77631, 0.81235]\",\"2021-06-14 00:34:58.264\":\"[-0.440796, 9.','2021-06-14 19:02:26'),(6,1,'{\"DataType\":\"ACC\",\"2021-06-14 00:36:57.282\":\"[-1.82936, 9.77631, 0.81235]\",\"2021-06-14 00:36:57.292\":\"[-1.78604, 9.77631, 0.81235]\",\"2021-06-14 00:36:57.302\":\"[-1.68213, 9.77631, 0.81235]\",\"2021-06-14 00:36:57.312\":\"[-1.54501, 9.77631, 0.81235]\",\"2021-06-14 00:36:57.322\":\"[-1.38162, 9.77631, 0.81235]\",\"2021-06-14 00:36:57.332\":\"[-1.19496, 9.77631, 0.81235]\",\"2021-06-14 00:36:57.344\":\"[-0.987009, 9.77631, 0.81235]\",\"2021-06-14 00:36:57.352\":\"[-0.762977, 9.77631, 0.812351]\",\"2021-06-14 00:36:57.362\":\"[-0.526187, 9.77631, 0.81235]\",\"2021-06-14 00:36:57.372\":\"[-0.282432, 9.77631, 0.81235]\",\"2021-06-14 00:36:57.382\":\"[-0.037187, 9.77631, 0.81235]\",\"2021-06-14 00:36:57.392\":\"[0.204861, 9.77631, 0.81235]\",\"2021-06-14 00:36:57.402\":\"[0.438354, 9.77631, 0.81235]\",\"2021-06-14 00:36:57.412\":\"[0.65798, 9.77631, 0.81235]\",\"2021-06-14 00:36:57.422\":\"[0.857548, 9.77631, 0.81235]\",\"2021-06-14 00:36:57.432\":\"[1.0335, 9.77631, 0.81235]\",\"2021-06-14 00:36:57.442\":\"[1.29074, 9.77631, 0.81235]\",\"2021-06-14 00:36:57.452\":\"[6.6884,','2021-06-14 19:02:26'),(7,1,'{\"DataType\":\"ACC\",\"2021-06-14 00:36:57.531\":\"[-0.923812, 9.77631, 0.81235]\",\"2021-06-14 00:36:57.542\":\"[-2.47283, 9.77631, 0.81235]\",\"2021-06-14 00:36:57.552\":\"[-3.68862, 9.77631, 0.81235]\",\"2021-06-14 00:36:57.563\":\"[-4.51766, 9.77631, 0.81235]\",\"2021-06-14 00:36:57.572\":\"[-4.94954, 9.77631, 0.81235]\",\"2021-06-14 00:36:57.583\":\"[-5.05007, 9.77631, 0.81235]\",\"2021-06-14 00:36:57.592\":\"[-4.89232, 9.77631, 0.81235]\",\"2021-06-14 00:36:57.602\":\"[-4.52841, 9.77631, 0.81235]\",\"2021-06-14 00:36:57.613\":\"[-4.01702, 9.77631, 0.81235]\",\"2021-06-14 00:36:57.623\":\"[-3.41238, 9.77631, 0.81235]\",\"2021-06-14 00:36:57.634\":\"[-2.75925, 9.77631, 0.81235]\",\"2021-06-14 00:36:57.642\":\"[-2.09662, 9.77631, 0.81235]\",\"2021-06-14 00:36:57.652\":\"[-1.46184, 9.77631, 0.81235]\",\"2021-06-14 00:36:57.662\":\"[-0.882724, 9.77631, 0.81235]\",\"2021-06-14 00:36:57.672\":\"[-0.384597, 9.77631, 0.81235]\",\"2021-06-14 00:36:57.682\":\"[0.0172224, 9.77631, 0.81235]\",\"2021-06-14 00:36:57.692\":\"[0.0566276, 9.77631, 0.81235]\",\"2021-06-14 00:36:57.707\":\"[-0.2','2021-06-14 19:02:26'),(8,1,'{\"DataType\":\"ACC\",\"2021-06-14 00:36:57.782\":\"[-1.43587, 9.77631, 0.81235]\",\"2021-06-14 00:36:57.792\":\"[-1.26821, 9.77631, 0.81235]\",\"2021-06-14 00:36:57.803\":\"[-1.07217, 9.77631, 0.81235]\",\"2021-06-14 00:36:57.812\":\"[-0.860328, 9.77631, 0.81235]\",\"2021-06-14 00:36:57.824\":\"[-0.639237, 9.77631, 0.81235]\",\"2021-06-14 00:36:57.842\":\"[-0.41087, 9.77631, 0.812351]\",\"2021-06-14 00:36:57.843\":\"[-0.182418, 9.77631, 0.812351]\",\"2021-06-14 00:36:57.852\":\"[0.0435719, 9.77631, 0.81235]\",\"2021-06-14 00:36:57.862\":\"[0.261792, 9.77631, 0.81235]\",\"2021-06-14 00:36:57.872\":\"[0.469268, 9.77631, 0.81235]\",\"2021-06-14 00:36:57.882\":\"[0.660615, 9.77631, 0.81235]\",\"2021-06-14 00:36:57.892\":\"[0.974957, 9.77631, 0.81235]\",\"2021-06-14 00:36:57.902\":\"[1.69906, 9.77631, 0.81235]\",\"2021-06-14 00:36:57.912\":\"[2.94532, 9.77631, 0.81235]\",\"2021-06-14 00:36:57.922\":\"[4.06801, 9.77631, 0.81235]\",\"2021-06-14 00:36:57.932\":\"[4.57357, 9.77631, 0.81235]\",\"2021-06-14 00:36:57.942\":\"[4.60455, 9.77631, 0.81235]\",\"2021-06-14 00:36:57.953\":\"[4.31217,','2021-06-14 19:02:26'),(9,1,'{\"DataType\":\"ACC\",\"2021-06-14 00:36:58.032\":\"[-0.735151, 9.77631, 0.81235]\",\"2021-06-14 00:36:58.042\":\"[-1.15065, 9.77631, 0.81235]\",\"2021-06-14 00:36:58.054\":\"[-1.46776, 9.77631, 0.81235]\",\"2021-06-14 00:36:58.062\":\"[-1.68457, 9.77631, 0.81235]\",\"2021-06-14 00:36:58.072\":\"[-1.80596, 9.77631, 0.81235]\",\"2021-06-14 00:36:58.082\":\"[-1.83963, 9.77631, 0.81235]\",\"2021-06-14 00:36:58.092\":\"[-1.79558, 9.77631, 0.81235]\",\"2021-06-14 00:36:58.102\":\"[-1.6862, 9.77631, 0.81235]\",\"2021-06-14 00:36:58.111\":\"[-2.12232, 9.77631, 0.81235]\",\"2021-06-14 00:36:58.122\":\"[-2.75493, 9.77631, 0.81235]\",\"2021-06-14 00:36:58.132\":\"[-3.07343, 9.77631, 0.81235]\",\"2021-06-14 00:36:58.142\":\"[-3.14737, 9.77631, 0.81235]\",\"2021-06-14 00:36:58.152\":\"[-3.05441, 9.77631, 0.81235]\",\"2021-06-14 00:36:58.162\":\"[-2.84429, 9.77631, 0.81235]\",\"2021-06-14 00:36:58.172\":\"[-2.55933, 9.77631, 0.81235]\",\"2021-06-14 00:36:58.182\":\"[-2.24398, 9.77631, 0.81235]\",\"2021-06-14 00:36:58.193\":\"[-1.92466, 9.77631, 0.81235]\",\"2021-06-14 00:36:58.204\":\"[-1.61424,','2021-06-14 19:02:26'),(10,1,'{\"DataType\":\"ACC\",\"2021-06-14 00:36:58.282\":\"[0.128753, 9.77631, 0.812351]\",\"2021-06-14 00:36:58.292\":\"[0.270344, 9.77631, 0.81235]\",\"2021-06-14 00:36:58.302\":\"[0.403645, 9.77631, 0.81235]\",\"2021-06-14 00:36:58.312\":\"[0.528934, 9.77631, 0.81235]\",\"2021-06-14 00:36:58.326\":\"[0.647323, 9.77631, 0.81235]\",\"2021-06-14 00:36:58.332\":\"[0.758377, 9.77631, 0.81235]\",\"2021-06-14 00:36:58.342\":\"[0.861861, 9.77631, 0.81235]\",\"2021-06-14 00:36:58.352\":\"[0.989045, 9.77631, 0.81235]\",\"2021-06-14 00:36:58.362\":\"[1.3058, 9.77631, 0.81235]\",\"2021-06-14 00:36:58.372\":\"[3.54337, 9.77631, 0.81235]\",\"2021-06-14 00:36:58.382\":\"[5.74359, 9.77631, 0.81235]\",\"2021-06-14 00:36:58.392\":\"[6.3889, 9.77631, 0.81235]\",\"2021-06-14 00:36:58.402\":\"[6.00911, 9.77631, 0.81235]\",\"2021-06-14 00:36:58.412\":\"[5.10427, 9.77631, 0.81235]\",\"2021-06-14 00:36:58.422\":\"[3.99862, 9.77631, 0.81235]\",\"2021-06-14 00:36:58.432\":\"[2.81659, 9.77631, 0.81235]\",\"2021-06-14 00:36:58.442\":\"[1.64973, 9.77631, 0.81235]\",\"2021-06-14 00:36:58.452\":\"[0.566935, 9.77631, ','2021-06-14 19:02:26'),(11,1,'{\"DataType\":\"ACC\",\"2021-06-14 00:58:21.982\":\"[0.0, 9.77631, 0.81235]\",\"2021-06-14 00:58:28.182\":\"[-1.17688, 9.77631, 0.81235]\",\"2021-06-14 00:58:28.382\":\"[0.0, 9.77631, 0.81235]\",\"2021-06-14 00:58:33.382\":\"[0.376625, 9.77631, 0.81235]\",\"2021-06-14 00:58:33.582\":\"[-0.30524, 9.77631, 0.81235]\",\"2021-06-14 00:58:33.782\":\"[0.0, 9.77631, 0.81235]\",\"2021-06-14 00:58:44.182\":\"[-0.509329, 9.77631, 0.81235]\",\"2021-06-14 00:58:44.382\":\"[1.65247, 9.77631, 0.81235]\",\"2021-06-14 00:58:44.582\":\"[-0.195252, 9.77631, 0.81235]\",\"2021-06-14 00:58:44.782\":\"[0.0, 9.77631, 0.81235]\",\"2021-06-14 00:58:46.582\":\"[0.254097, 9.77631, 0.81235]\",\"2021-06-14 00:58:46.782\":\"[0.0, 9.77631, 0.81235]\",\"2021-06-14 00:58:47.782\":\"[0.542323, 9.77631, 0.81235]\",\"2021-06-14 00:58:47.982\":\"[-1.57175, 9.77631, 0.81235]\",\"2021-06-14 00:58:48.182\":\"[0.211223, 9.77631, 0.81235]\",\"2021-06-14 00:58:48.382\":\"[0.680567, 9.77631, 0.81235]\",\"2021-06-14 00:58:48.582\":\"[0.0, 9.77631, 0.81235]\",\"2021-06-14 00:58:49.182\":\"[-0.355434, 9.77631, 0.81235]\",\"2021-06','2021-06-14 19:05:32'),(12,1,'{\"DataType\":\"ACC\",\"2021-06-14 01:07:42.642\":\"[0.0, 9.77631, 0.81235]\",\"2021-06-14 01:07:59.933\":\"[0.28601, 9.77631, 0.81235]\",\"2021-06-14 01:08:00.133\":\"[-0.630692, 9.77631, 0.81235]\",\"2021-06-14 01:08:00.333\":\"[0.667353, 9.77631, 0.81235]\",\"2021-06-14 01:08:00.533\":\"[0.920643, 9.77631, 0.81235]\",\"2021-06-14 01:08:00.733\":\"[0.0, 9.77631, 0.81235]\",\"2021-06-14 01:08:01.533\":\"[-0.153983, 9.77631, 0.81235]\",\"2021-06-14 01:08:01.733\":\"[0.0, 9.77631, 0.81235]\",\"2021-06-14 01:08:01.933\":\"[0.730639, 9.77631, 0.81235]\",\"2021-06-14 01:08:02.133\":\"[0.0, 9.77631, 0.81235]\",\"2021-06-14 01:08:06.333\":\"[-0.167066, 9.77631, 0.81235]\",\"2021-06-14 01:08:06.533\":\"[0.0, 9.77631, 0.81235]\",\"2021-06-14 01:08:11.333\":\"[1.56858, 9.77631, 0.81235]\",\"2021-06-14 01:08:11.533\":\"[-0.0229187, 9.77631, 0.81235]\",\"2021-06-14 01:08:11.733\":\"[0.0, 9.77631, 0.81235]\",\"2021-06-14 01:08:11.933\":\"[0.0417976, 9.77631, 0.81235]\",\"2021-06-14 01:08:12.133\":\"[0.0, 9.77631, 0.81235]\",\"2021-06-14 01:08:12.333\":\"[-0.278816, 9.77631, 0.81235]\",\"2021-06-1','2021-06-14 19:14:55'),(13,1,'{\"DataType\":\"ACC\",\"2021-06-14 01:08:55.933\":\"[1.31506, 9.77631, 0.81235]\",\"2021-06-14 01:08:56.133\":\"[0.0, 9.77631, 0.81235]\",\"2021-06-14 01:08:56.333\":\"[-0.422612, 9.77631, 0.81235]\",\"2021-06-14 01:08:56.533\":\"[1.28839, 9.77631, 0.81235]\",\"2021-06-14 01:08:56.735\":\"[-0.321869, 9.77631, 0.81235]\",\"2021-06-14 01:08:56.933\":\"[-0.920286, 9.77631, 0.81235]\",\"2021-06-14 01:08:57.133\":\"[0.0, 9.77631, 0.81235]\",\"2021-06-14 01:08:57.333\":\"[-1.0988, 9.77631, 0.81235]\",\"2021-06-14 01:08:57.533\":\"[-1.97991, 9.77631, 0.81235]\",\"2021-06-14 01:08:57.733\":\"[0.938637, 9.77631, 0.81235]\",\"2021-06-14 01:08:57.933\":\"[-0.341727, 9.77631, 0.81235]\",\"2021-06-14 01:08:58.133\":\"[-1.60204, 9.77631, 0.81235]\",\"2021-06-14 01:08:58.333\":\"[0.207524, 9.77631, 0.81235]\",\"2021-06-14 01:08:58.533\":\"[0.259187, 9.77631, 0.812351]\",\"2021-06-14 01:08:58.733\":\"[-0.432625, 9.77631, 0.81235]\",\"2021-06-14 01:08:58.933\":\"[0.688989, 9.77631, 0.81235]\",\"2021-06-14 01:08:59.133\":\"[0.835265, 9.77631, 0.81235]\",\"2021-06-14 01:08:59.333\":\"[-1.01564, 9.7763','2021-06-14 19:15:39'),(14,1,'{\"DataType\":\"ACC\",\"2021-06-14 01:09:00.095\":\"[-1.82919, 9.77631, 0.81235]\",\"2021-06-14 01:09:00.113\":\"[-1.89458, 9.77631, 0.81235]\",\"2021-06-14 01:09:00.133\":\"[-1.57643, 9.77631, 0.81235]\",\"2021-06-14 01:09:00.153\":\"[-1.06867, 9.77631, 0.81235]\",\"2021-06-14 01:09:00.173\":\"[-0.503668, 9.77631, 0.81235]\",\"2021-06-14 01:09:00.193\":\"[0.0567264, 9.77631, 0.81235]\",\"2021-06-14 01:09:00.213\":\"[0.556621, 9.77631, 0.81235]\",\"2021-06-14 01:09:00.233\":\"[0.951293, 9.77631, 0.81235]\",\"2021-06-14 01:09:00.253\":\"[1.20835, 9.77631, 0.81235]\",\"2021-06-14 01:09:00.28\":\"[1.30991, 9.77631, 0.81235]\",\"2021-06-14 01:09:00.293\":\"[1.25548, 9.77631, 0.81235]\",\"2021-06-14 01:09:00.317\":\"[1.06215, 9.77631, 0.81235]\",\"2021-06-14 01:09:00.333\":\"[0.767098, 9.77631, 0.81235]\",\"2021-06-14 01:09:00.353\":\"[0.432213, 9.77631, 0.81235]\",\"2021-06-14 01:09:00.373\":\"[0.139479, 9.77631, 0.81235]\",\"2021-06-14 01:09:00.393\":\"[6.56128E-4, 9.77631, 0.81235]\",\"2021-06-14 01:09:00.413\":\"[0.0, 9.77631, 0.81235]\",\"2021-06-14 01:26:14.132\":\"[0.0012207, 9.77','2021-06-14 19:32:55'),(15,1,'{\"DataType\":\"ACC\",\"2021-06-14 01:26:15.734\":\"[-4.52852, 9.77631, 0.81235]\",\"2021-06-14 01:26:15.932\":\"[0.332636, 9.77631, 0.81235]\",\"2021-06-14 01:26:16.132\":\"[0.426175, 9.77631, 0.81235]\",\"2021-06-14 01:26:16.332\":\"[-1.36738, 9.77631, 0.81235]\",\"2021-06-14 01:26:16.532\":\"[0.32797, 9.77631, 0.81235]\",\"2021-06-14 01:26:16.732\":\"[0.858177, 9.77631, 0.81235]\",\"2021-06-14 01:26:16.932\":\"[-5.25653, 9.77631, 0.81235]\",\"2021-06-14 01:26:17.132\":\"[3.15263, 9.77631, 0.81235]\",\"2021-06-14 01:26:17.332\":\"[-7.68481, 9.77631, 0.81235]\",\"2021-06-14 01:26:17.532\":\"[0.896591, 9.77631, 0.81235]\",\"2021-06-14 01:26:17.732\":\"[0.0, 9.77631, 0.81235]\",\"2021-06-14 01:28:28.732\":\"[-0.775742, 9.77631, 0.81235]\",\"2021-06-14 01:28:28.932\":\"[0.889868, 9.77631, 0.81235]\",\"2021-06-14 01:28:29.132\":\"[0.322878, 9.77631, 0.81235]\",\"2021-06-14 01:28:29.332\":\"[-0.762066, 9.77631, 0.81235]\",\"2021-06-14 01:28:29.532\":\"[-0.424631, 9.77631, 0.81235]\",\"2021-06-14 01:28:29.732\":\"[2.35977, 9.77631, 0.81235]\",\"2021-06-14 01:28:29.932\":\"[0.146112, 9.77','2021-06-14 19:35:10'),(16,1,'{\"DataType\":\"ACC\",\"2021-06-14 01:28:31.532\":\"[-2.56861, 9.77631, 0.81235]\",\"2021-06-14 01:28:31.732\":\"[0.289873, 9.77631, 0.81235]\",\"2021-06-14 01:28:31.932\":\"[0.0978876, 9.77631, 0.812351]\",\"2021-06-14 01:28:32.132\":\"[0.302543, 9.77631, 0.81235]\",\"2021-06-14 01:28:32.332\":\"[2.91769, 9.77631, 0.81235]\",\"2021-06-14 01:28:32.532\":\"[3.0888, 9.77631, 0.812351]\",\"2021-06-14 01:28:32.732\":\"[-0.640481, 9.77631, 0.81235]\",\"2021-06-14 01:28:32.932\":\"[-3.77288, 9.77631, 0.81235]\",\"2021-06-14 01:28:33.132\":\"[11.9624, 9.77631, 0.81235]\",\"2021-06-14 01:28:33.332\":\"[0.232978, 9.77631, 0.81235]\",\"2021-06-14 01:28:33.532\":\"[0.0, 9.77631, 0.81235]\",\"2021-06-14 01:29:31.148\":\"[-1.68154, 9.77631, 0.81235]\",\"2021-06-14 01:29:31.348\":\"[0.911887, 9.77631, 0.81235]\",\"2021-06-14 01:29:31.548\":\"[0.0140647, 9.77631, 0.81235]\",\"2021-06-14 01:29:31.748\":\"[-0.19248, 9.77631, 0.81235]\",\"2021-06-14 01:29:31.948\":\"[0.201729, 9.77631, 0.81235]\",\"2021-06-14 01:29:32.148\":\"[-0.869655, 9.77631, 0.81235]\",\"2021-06-14 01:29:32.348\":\"[0.32956, 9.7','2021-06-14 19:36:16'),(17,1,'{\"DataType\":\"ACC\",\"2021-06-14 01:29:36.748\":\"[-3.04311, 9.77631, 0.81235]\",\"2021-06-14 01:29:36.948\":\"[0.319769, 9.77631, 0.81235]\",\"2021-06-14 01:29:37.148\":\"[3.13773, 9.77631, 0.81235]\",\"2021-06-14 01:29:37.348\":\"[0.552607, 9.77631, 0.81235]\",\"2021-06-14 01:29:37.548\":\"[-3.27327, 9.77631, 0.81235]\",\"2021-06-14 01:29:37.748\":\"[0.557512, 9.77631, 0.812351]\",\"2021-06-14 01:29:37.948\":\"[1.00742, 9.77631, 0.81235]\",\"2021-06-14 01:29:38.148\":\"[0.315845, 9.77631, 0.81235]\",\"2021-06-14 01:29:38.348\":\"[-0.31231, 9.77631, 0.81235]\",\"2021-06-14 01:29:38.548\":\"[0.088048, 9.77631, 0.81235]\",\"2021-06-14 01:29:38.748\":\"[0.934021, 9.77631, 0.81235]\",\"2021-06-14 01:29:38.948\":\"[0.240227, 9.77631, 0.81235]\",\"2021-06-14 01:29:39.148\":\"[-5.04252, 9.77631, 0.81235]\",\"2021-06-14 01:29:39.348\":\"[-0.12778, 9.77631, 0.81235]\",\"2021-06-14 01:29:39.548\":\"[3.41107, 9.77631, 0.81235]\",\"2021-06-14 01:29:39.748\":\"[0.47639, 9.77631, 0.81235]\",\"2021-06-14 01:29:39.948\":\"[-0.724979, 9.77631, 0.81235]\",\"2021-06-14 01:29:40.148\":\"[0.0161189, ','2021-06-14 19:36:21'),(18,1,'{\"DataType\":\"ACC\",\"2021-06-14 01:29:41.748\":\"[0.0897154, 9.77631, 0.81235]\",\"2021-06-14 01:29:41.948\":\"[-0.243954, 9.77631, 0.81235]\",\"2021-06-14 01:29:42.148\":\"[-1.21052, 9.77631, 0.81235]\",\"2021-06-14 01:29:42.348\":\"[0.402518, 9.77631, 0.81235]\",\"2021-06-14 01:29:42.548\":\"[0.607359, 9.77631, 0.81235]\",\"2021-06-14 01:29:42.748\":\"[1.29941, 9.77631, 0.812351]\",\"2021-06-14 01:29:42.948\":\"[-1.35237, 9.77631, 0.81235]\",\"2021-06-14 01:29:43.148\":\"[-0.679934, 9.77631, 0.81235]\",\"2021-06-14 01:29:43.348\":\"[0.408101, 9.77631, 0.81235]\",\"2021-06-14 01:29:43.548\":\"[2.37531, 9.77631, 0.81235]\",\"2021-06-14 01:29:43.748\":\"[-0.391486, 9.77631, 0.81235]\",\"2021-06-14 01:29:43.948\":\"[-1.1367, 9.77631, 0.81235]\",\"2021-06-14 01:29:44.15\":\"[0.0386633, 9.77631, 0.812351]\",\"2021-06-14 01:29:44.348\":\"[0.222143, 9.77631, 0.81235]\",\"2021-06-14 01:29:44.548\":\"[0.00535242, 9.77631, 0.81235]\",\"2021-06-14 01:29:44.748\":\"[0.839523, 9.77631, 0.81235]\",\"2021-06-14 01:29:44.948\":\"[0.416386, 9.77631, 0.81235]\",\"2021-06-14 01:29:45.148\":\"[0.21','2021-06-14 19:36:26'),(19,1,'{\"DataType\":\"ACC\",\"2021-06-14 01:39:41.927\":\"[0.0, 9.77631, 0.81235]\",\"2021-06-14 01:40:04.433\":\"[-0.307646, 9.77631, 0.81235]\",\"2021-06-14 01:40:04.447\":\"[-0.898906, 9.77631, 0.81235]\",\"2021-06-14 01:40:04.453\":\"[-1.41812, 9.77631, 0.812351]\",\"2021-06-14 01:40:04.463\":\"[-1.63113, 9.77631, 0.812351]\",\"2021-06-14 01:40:04.479\":\"[-1.57831, 9.77631, 0.812351]\",\"2021-06-14 01:40:04.482\":\"[-1.38241, 9.77631, 0.812351]\",\"2021-06-14 01:40:04.493\":\"[-1.08475, 9.77631, 0.812351]\",\"2021-06-14 01:40:04.503\":\"[-0.745861, 9.77631, 0.812351]\",\"2021-06-14 01:40:04.513\":\"[-0.447423, 9.77631, 0.812351]\",\"2021-06-14 01:40:04.529\":\"[-0.180512, 9.77631, 0.812351]\",\"2021-06-14 01:40:04.533\":\"[0.0611525, 9.77631, 0.81235]\",\"2021-06-14 01:40:04.543\":\"[0.282193, 9.77631, 0.81235]\",\"2021-06-14 01:40:04.553\":\"[0.482033, 9.77631, 0.81235]\",\"2021-06-14 01:40:04.563\":\"[0.657998, 9.77631, 0.81235]\",\"2021-06-14 01:40:04.573\":\"[0.804911, 9.77631, 0.81235]\",\"2021-06-14 01:40:04.583\":\"[0.918415, 9.77631, 0.81235]\",\"2021-06-14 01:40:04.602\":\"[','2021-06-14 22:18:08'),(20,1,'{\"DataType\":\"ACC\",\"2021-06-14 01:40:04.678\":\"[0.150422, 9.77631, 0.81235]\",\"2021-06-14 01:40:04.683\":\"[0.0323257, 9.77631, 0.81235]\",\"2021-06-14 01:40:04.7\":\"[0.0, 9.77631, 0.81235]\",\"2021-06-14 01:40:05.053\":\"[0.340669, 9.77631, 0.81235]\",\"2021-06-14 01:40:05.063\":\"[0.910462, 9.77631, 0.81235]\",\"2021-06-14 01:40:05.073\":\"[1.2685, 9.77631, 0.81235]\",\"2021-06-14 01:40:05.084\":\"[1.34608, 9.77631, 0.81235]\",\"2021-06-14 01:40:05.093\":\"[1.24607, 9.77631, 0.81235]\",\"2021-06-14 01:40:05.103\":\"[1.05301, 9.77631, 0.81235]\",\"2021-06-14 01:40:05.113\":\"[0.785252, 9.77631, 0.812351]\",\"2021-06-14 01:40:05.123\":\"[0.465133, 9.77631, 0.812351]\",\"2021-06-14 01:40:05.135\":\"[0.119244, 9.77631, 0.812351]\",\"2021-06-14 01:40:05.143\":\"[-0.225773, 9.77631, 0.81235]\",\"2021-06-14 01:40:05.153\":\"[-0.541262, 9.77631, 0.81235]\",\"2021-06-14 01:40:05.163\":\"[-0.803677, 9.77631, 0.81235]\",\"2021-06-14 01:40:05.173\":\"[-0.990512, 9.77631, 0.81235]\",\"2021-06-14 01:40:05.185\":\"[-1.08787, 9.77631, 0.81235]\",\"2021-06-14 01:40:05.193\":\"[-1.0874, 9.77','2021-06-14 22:18:08'),(21,1,'{\"DataType\":\"HR\",\"2021-06-04 00:28:00.073\":\"[74.5]\",\"2021-06-04 00:28:59.738\":\"[71.8]\",\"2021-06-04 00:28:59.798\":\"[69.1]\",\"2021-06-04 00:28:59.859\":\"[66.5]\",\"2021-06-04 00:28:59.882\":\"[63.8]\",\"2021-06-04 00:28:59.9\":\"[61.2]\",\"2021-06-04 00:29:00.247\":\"[63.8]\",\"2021-06-04 00:29:00.298\":\"[66.5]\",\"2021-06-04 00:29:00.329\":\"[69.1]\",\"2021-06-04 00:29:00.38\":\"[71.8]\",\"2021-06-04 00:29:00.738\":\"[69.1]\",\"2021-06-04 00:29:00.78\":\"[66.5]\",\"2021-06-04 00:29:00.811\":\"[63.8]\",\"2021-06-04 00:29:00.984\":\"[61.2]\",\"2021-06-04 00:29:01.708\":\"[63.8]\",\"2021-06-04 00:29:01.729\":\"[66.5]\",\"2021-06-04 00:29:02.498\":\"[63.8]\",\"2021-06-04 00:29:02.733\":\"[61.2]\",\"2021-06-04 00:29:03.187\":\"[63.8]\",\"2021-06-04 00:29:03.218\":\"[66.5]\",\"2021-06-04 00:29:03.229\":\"[69.1]\",\"2021-06-04 00:29:03.25\":\"[71.8]\",\"2021-06-04 00:29:03.555\":\"[74.5]\",\"2021-06-04 00:29:03.574\":\"[77.1]\"}','2021-06-14 22:34:01'),(22,1,'{\"DataType\":\"HR\",\"2021-06-04 00:32:36.568\":\"[71.8]\",\"2021-06-04 00:33:26.51\":\"[74.5]\",\"2021-06-04 00:33:26.52\":\"[77.1]\",\"2021-06-04 00:33:26.53\":\"[79.8]\",\"2021-06-04 00:33:26.815\":\"[77.1]\",\"2021-06-04 00:33:26.866\":\"[74.5]\",\"2021-06-04 00:33:26.895\":\"[71.8]\",\"2021-06-04 00:33:26.896\":\"[69.1]\",\"2021-06-04 00:33:26.906\":\"[66.5]\",\"2021-06-04 00:33:26.919\":\"[63.8]\",\"2021-06-04 00:33:26.936\":\"[61.2]\",\"2021-06-04 00:33:27.133\":\"[63.8]\",\"2021-06-04 00:33:27.153\":\"[66.5]\",\"2021-06-04 00:33:27.173\":\"[69.1]\",\"2021-06-04 00:33:27.203\":\"[71.8]\",\"2021-06-04 00:33:27.373\":\"[74.5]\",\"2021-06-04 00:33:27.394\":\"[77.1]\",\"2021-06-04 00:33:27.465\":\"[79.8]\",\"2021-06-04 00:33:27.739\":\"[77.1]\",\"2021-06-04 00:33:27.789\":\"[74.5]\",\"2021-06-04 00:33:28.067\":\"[77.1]\",\"2021-06-04 00:33:28.077\":\"[79.8]\",\"2021-06-04 00:33:28.099\":\"[82.4]\",\"2021-06-04 00:33:28.129\":\"[85.1]\"}','2021-06-15 09:19:23'),(23,1,'{\"DataType\":\"HR\",\"2021-06-04 00:33:28.354\":\"[85.1]\",\"2021-06-04 00:33:28.376\":\"[82.4]\",\"2021-06-04 00:33:28.456\":\"[79.8]\",\"2021-06-04 00:33:48.672\":\"[77.1]\",\"2021-06-04 00:33:48.682\":\"[71.8]\",\"2021-06-04 00:33:48.703\":\"[69.1]\",\"2021-06-04 00:33:48.713\":\"[66.5]\",\"2021-06-04 00:33:48.725\":\"[61.2]\",\"2021-06-04 00:33:48.733\":\"[58.5]\",\"2021-06-04 00:33:48.753\":\"[55.9]\",\"2021-06-04 00:33:48.773\":\"[53.2]\",\"2021-06-04 00:33:48.803\":\"[50.5]\",\"2021-06-04 00:33:48.834\":\"[47.9]\",\"2021-06-04 00:33:49.034\":\"[50.5]\",\"2021-06-04 00:33:49.045\":\"[53.2]\",\"2021-06-04 00:33:49.055\":\"[55.9]\",\"2021-06-04 00:33:49.079\":\"[61.2]\",\"2021-06-04 00:33:49.085\":\"[63.8]\",\"2021-06-04 00:33:49.095\":\"[66.5]\",\"2021-06-04 00:33:49.197\":\"[69.1]\",\"2021-06-04 00:33:49.349\":\"[61.2]\",\"2021-06-04 00:33:49.36\":\"[58.5]\",\"2021-06-04 00:33:49.369\":\"[55.9]\",\"2021-06-04 00:33:49.379\":\"[50.5]\"}','2021-06-15 09:19:23'),(24,1,'{\"DataType\":\"ACC\",\"2021-06-04 00:36:40.654\":\"[1.48387, 9.69713, 0.0]\",\"2021-06-04 00:36:47.454\":\"[0.553634, 9.83947, 0.0]\",\"2021-06-04 00:36:47.654\":\"[1.73421, 9.65882, 0.0]\",\"2021-06-04 00:36:47.854\":\"[1.49825, 9.69493, 0.0]\",\"2021-06-04 00:36:48.055\":\"[1.08042, 9.75886, 0.0]\",\"2021-06-04 00:36:48.255\":\"[1.48387, 9.69713, 0.0]\",\"2021-06-04 00:36:48.656\":\"[2.05572, 9.60962, 0.0]\",\"2021-06-04 00:36:48.856\":\"[1.48387, 9.69713, 0.0]\",\"2021-06-04 00:36:49.256\":\"[0.0730599, 9.91301, 0.0]\",\"2021-06-04 00:36:49.458\":\"[1.48387, 9.69713, 0.0]\",\"2021-06-04 00:36:49.857\":\"[2.37982, 9.56003, 0.0]\",\"2021-06-04 00:36:50.057\":\"[1.48387, 9.69713, 0.0]\",\"2021-06-04 00:36:58.065\":\"[1.2064, 9.73958, 0.0]\",\"2021-06-04 00:36:58.266\":\"[1.7312, 9.65928, 0.0]\",\"2021-06-04 00:36:58.466\":\"[2.29341, 9.57325, 0.0]\",\"2021-06-04 00:36:58.667\":\"[1.48387, 9.69713, 0.0]\",\"2021-06-04 00:36:58.866\":\"[0.283661, 9.88078, 0.0]\",\"2021-06-04 00:36:59.067\":\"[1.48387, 9.69713, 0.0]\",\"2021-06-04 00:36:59.267\":\"[2.52032, 9.53853, 0.0]\",\"2021-06-04 00:3','2021-06-15 09:19:23'),(25,1,'{\"DataType\":\"ACC\",\"2021-06-04 00:37:02.589\":\"[0.380435, 9.86597, 0.0]\",\"2021-06-04 00:37:02.596\":\"[0.846367, 9.79468, 0.0]\",\"2021-06-04 00:37:02.606\":\"[1.31553, 9.72289, 0.0]\",\"2021-06-04 00:37:02.616\":\"[1.78756, 9.65065, 0.0]\",\"2021-06-04 00:37:02.625\":\"[2.17756, 9.59098, 0.0]\",\"2021-06-04 00:37:02.636\":\"[2.53444, 9.53637, 0.0]\",\"2021-06-04 00:37:02.646\":\"[2.53285, 9.53661, 0.0]\",\"2021-06-04 00:37:02.656\":\"[2.2113, 9.58581, 0.0]\",\"2021-06-04 00:37:02.667\":\"[1.80891, 9.64739, 0.0]\",\"2021-06-04 00:37:02.677\":\"[1.48178, 9.69744, 0.0]\",\"2021-06-04 00:37:02.687\":\"[1.18027, 9.74358, 0.0]\",\"2021-06-04 00:37:02.697\":\"[1.02484, 9.76737, 0.0]\",\"2021-06-04 00:37:02.707\":\"[1.02678, 9.76707, 0.0]\",\"2021-06-04 00:37:02.717\":\"[1.17676, 9.74412, 0.0]\",\"2021-06-04 00:37:02.727\":\"[1.43045, 9.7053, 0.0]\",\"2021-06-04 00:37:02.737\":\"[1.77713, 9.65225, 0.0]\",\"2021-06-04 00:37:02.748\":\"[2.13197, 9.59795, 0.0]\",\"2021-06-04 00:37:02.759\":\"[2.38403, 9.55938, 0.0]\",\"2021-06-04 00:37:02.769\":\"[2.52063, 9.53848, 0.0]\",\"2021-06-04 00:37:','2021-06-15 09:19:23'),(26,1,'{\"DataType\":\"ACC\",\"2021-06-04 00:37:02.9\":\"[1.82187, 9.6454, 0.0]\",\"2021-06-04 00:37:02.91\":\"[2.38383, 9.55941, 0.0]\",\"2021-06-04 00:37:02.92\":\"[2.73805, 9.50521, 0.0]\",\"2021-06-04 00:37:02.931\":\"[2.86073, 9.48644, 0.0]\",\"2021-06-04 00:37:02.94\":\"[2.87678, 9.48398, 0.0]\",\"2021-06-04 00:37:02.951\":\"[2.83491, 9.49039, 0.0]\",\"2021-06-04 00:37:02.96\":\"[2.7264, 9.50699, 0.0]\",\"2021-06-04 00:37:02.971\":\"[2.55746, 9.53284, 0.0]\",\"2021-06-04 00:37:02.981\":\"[2.3724, 9.56116, 0.0]\",\"2021-06-04 00:37:02.999\":\"[2.18733, 9.58948, 0.0]\",\"2021-06-04 00:37:03.006\":\"[1.99584, 9.61878, 0.0]\",\"2021-06-04 00:37:03.02\":\"[1.80104, 9.64859, 0.0]\",\"2021-06-04 00:37:03.024\":\"[1.57383, 9.68336, 0.0]\",\"2021-06-04 00:37:03.032\":\"[1.35396, 9.717, 0.0]\",\"2021-06-04 00:37:03.055\":\"[1.11996, 9.75281, 0.0]\",\"2021-06-04 00:37:03.056\":\"[0.901194, 9.78629, 0.0]\",\"2021-06-04 00:37:03.063\":\"[0.712205, 9.81521, 0.0]\",\"2021-06-04 00:37:03.074\":\"[0.554478, 9.83934, 0.0]\",\"2021-06-04 00:37:03.086\":\"[0.432983, 9.85793, 0.0]\",\"2021-06-04 00:37:03.093\":','2021-06-15 09:19:23'),(27,1,'{\"DataType\":\"HR\",\"2021-06-04 00:57:42.31\":\"[79.8]\",\"2021-06-04 00:57:46.111\":\"[69.1]\",\"2021-06-04 00:57:46.512\":\"[82.4]\",\"2021-06-04 00:57:46.912\":\"[74.5]\",\"2021-06-04 00:57:47.112\":\"[77.1]\",\"2021-06-04 00:57:47.313\":\"[82.4]\",\"2021-06-04 00:57:47.713\":\"[74.5]\",\"2021-06-04 00:57:47.914\":\"[71.8]\",\"2021-06-04 00:57:48.114\":\"[87.8]\",\"2021-06-04 00:57:48.315\":\"[106.4]\",\"2021-06-04 00:57:48.516\":\"[101.1]\",\"2021-06-04 00:57:48.716\":\"[87.8]\",\"2021-06-04 00:57:48.917\":\"[85.1]\",\"2021-06-04 00:57:49.117\":\"[98.4]\",\"2021-06-04 00:57:49.517\":\"[87.8]\",\"2021-06-04 00:57:49.717\":\"[90.4]\",\"2021-06-04 00:57:49.917\":\"[93.1]\",\"2021-06-04 00:57:50.118\":\"[82.4]\",\"2021-06-04 00:57:50.318\":\"[90.4]\",\"2021-06-04 00:57:50.518\":\"[95.7]\",\"2021-06-04 00:57:50.719\":\"[87.8]\",\"2021-06-04 00:57:50.923\":\"[98.4]\",\"2021-06-04 00:57:51.12\":\"[87.8]\",\"2021-06-04 00:57:51.32\":\"[101.1]\"}','2021-06-15 09:37:08'),(28,1,'{\"DataType\":\"HR\",\"2021-06-04 01:10:40.72\":\"[101.1]\",\"2021-06-04 01:10:53.135\":\"[87.8]\",\"2021-06-04 01:10:54.137\":\"[98.4]\",\"2021-06-04 01:10:54.537\":\"[87.8]\",\"2021-06-04 01:10:54.945\":\"[71.8]\",\"2021-06-04 01:10:55.138\":\"[66.5]\",\"2021-06-04 01:10:55.338\":\"[74.5]\",\"2021-06-04 01:10:55.538\":\"[85.1]\",\"2021-06-04 01:10:55.738\":\"[87.8]\",\"2021-06-04 01:10:56.141\":\"[82.4]\",\"2021-06-04 01:10:56.341\":\"[74.5]\",\"2021-06-04 01:10:56.941\":\"[85.1]\",\"2021-06-04 01:10:57.141\":\"[87.8]\",\"2021-06-04 01:10:57.342\":\"[90.4]\",\"2021-06-04 01:10:57.542\":\"[85.1]\",\"2021-06-04 01:10:57.742\":\"[79.8]\",\"2021-06-04 01:10:57.941\":\"[71.8]\",\"2021-06-04 01:10:58.343\":\"[90.4]\",\"2021-06-04 01:10:58.543\":\"[93.1]\",\"2021-06-04 01:10:58.942\":\"[82.4]\",\"2021-06-04 01:10:59.005\":\"[79.8]\",\"2021-06-04 01:10:59.057\":\"[77.1]\",\"2021-06-04 01:10:59.078\":\"[74.5]\",\"2021-06-04 01:10:59.098\":\"[71.8]\"}','2021-06-15 09:50:16'),(29,1,'{\"DataType\":\"HR\",\"2021-06-04 01:10:59.404\":\"[77.1]\",\"2021-06-04 01:10:59.447\":\"[79.8]\",\"2021-06-04 01:10:59.477\":\"[82.4]\",\"2021-06-04 01:10:59.588\":\"[85.1]\",\"2021-06-04 01:10:59.763\":\"[87.8]\",\"2021-06-04 01:13:28.209\":\"[79.8]\",\"2021-06-04 01:13:28.219\":\"[77.1]\",\"2021-06-04 01:13:28.23\":\"[74.5]\",\"2021-06-04 01:13:28.241\":\"[71.8]\",\"2021-06-04 01:13:28.251\":\"[69.1]\",\"2021-06-04 01:13:28.293\":\"[66.5]\",\"2021-06-04 01:13:28.303\":\"[63.8]\",\"2021-06-04 01:13:28.324\":\"[61.2]\",\"2021-06-04 01:13:28.614\":\"[63.8]\",\"2021-06-04 01:13:28.624\":\"[66.5]\",\"2021-06-04 01:13:28.665\":\"[69.1]\",\"2021-06-04 01:13:29.022\":\"[66.5]\",\"2021-06-04 01:13:29.492\":\"[69.1]\",\"2021-06-04 01:13:29.524\":\"[71.8]\",\"2021-06-04 01:13:29.832\":\"[69.1]\",\"2021-06-04 01:13:29.883\":\"[66.5]\",\"2021-06-04 01:13:29.903\":\"[63.8]\",\"2021-06-04 01:13:29.923\":\"[61.2]\",\"2021-06-04 01:13:29.954\":\"[58.5]\"}','2021-06-15 09:52:47'),(30,1,'{\"DataType\":\"HR\",\"2021-06-04 01:34:22.17\":\"[66.5]\",\"2021-06-04 01:34:27.174\":\"[50.5]\",\"2021-06-04 01:34:27.575\":\"[55.9]\",\"2021-06-04 01:34:27.776\":\"[58.5]\",\"2021-06-04 01:34:27.976\":\"[53.2]\",\"2021-06-04 01:34:28.176\":\"[50.5]\",\"2021-06-04 01:34:28.976\":\"[53.2]\",\"2021-06-04 01:34:29.177\":\"[50.5]\",\"2021-06-04 01:34:29.378\":\"[39.9]\",\"2021-06-04 01:34:29.577\":\"[34.6]\",\"2021-06-04 01:34:29.778\":\"[37.2]\",\"2021-06-04 01:34:29.978\":\"[50.5]\",\"2021-06-04 01:34:30.379\":\"[39.9]\",\"2021-06-04 01:34:30.579\":\"[31.9]\",\"2021-06-04 01:34:30.779\":\"[29.3]\",\"2021-06-04 01:34:30.979\":\"[31.9]\",\"2021-06-04 01:34:31.179\":\"[39.9]\",\"2021-06-04 01:34:31.379\":\"[37.2]\",\"2021-06-04 01:34:31.581\":\"[31.9]\",\"2021-06-04 01:34:31.782\":\"[23.9]\",\"2021-06-04 01:34:31.982\":\"[18.6]\",\"2021-06-04 01:34:32.182\":\"[8.0]\",\"2021-06-04 01:34:32.383\":\"[18.6]\",\"2021-06-04 01:34:32.584\":\"[26.6]\"}','2021-06-15 10:13:49'),(31,51,'{\"DataType\":\"ACC\",\"2021-06-13 23:24:06.886\":\"[-0.103112, 9.77631, 0.81235]\",\"2021-06-13 23:24:06.892\":\"[0.100707, 9.77631, 0.81235]\",\"2021-06-13 23:24:06.903\":\"[0.287257, 9.77631, 0.812351]\",\"2021-06-13 23:24:06.922\":\"[0.460789, 9.77631, 0.81235]\",\"2021-06-13 23:24:06.923\":\"[0.620203, 9.77631, 0.81235]\",\"2021-06-13 23:24:06.937\":\"[0.762336, 9.77631, 0.81235]\",\"2021-06-13 23:24:06.942\":\"[0.879088, 9.77631, 0.81235]\",\"2021-06-13 23:24:06.952\":\"[0.962, 9.77631, 0.81235]\",\"2021-06-13 23:24:06.968\":\"[1.00368, 9.77631, 0.81235]\",\"2021-06-13 23:24:06.972\":\"[0.997421, 9.77631, 0.81235]\",\"2021-06-13 23:24:06.984\":\"[0.939647, 9.77631, 0.81235]\",\"2021-06-13 23:24:06.992\":\"[0.831018, 9.77631, 0.81235]\"}','2021-12-13 02:20:01'),(32,51,'{\"DataType\":\"ACC\",\"2021-06-13 23:24:06.886\":\"[-0.103112, 9.77631, 0.81235]\",\"2021-06-13 23:24:06.892\":\"[0.100707, 9.77631, 0.81235]\",\"2021-06-13 23:24:06.903\":\"[0.287257, 9.77631, 0.812351]\",\"2021-06-13 23:24:06.922\":\"[0.460789, 9.77631, 0.81235]\",\"2021-06-13 23:24:06.923\":\"[0.620203, 9.77631, 0.81235]\",\"2021-06-13 23:24:06.937\":\"[0.762336, 9.77631, 0.81235]\",\"2021-06-13 23:24:06.942\":\"[0.879088, 9.77631, 0.81235]\",\"2021-06-13 23:24:06.952\":\"[0.962, 9.77631, 0.81235]\",\"2021-06-13 23:24:06.968\":\"[1.00368, 9.77631, 0.81235]\",\"2021-06-13 23:24:06.972\":\"[0.997421, 9.77631, 0.81235]\",\"2021-06-13 23:24:06.984\":\"[0.939647, 9.77631, 0.81235]\",\"2021-06-13 23:24:06.992\":\"[0.831018, 9.77631, 0.81235]\"}','2021-12-13 02:21:58'),(33,51,'{\"DataType\":\"ACC\",\"2021-06-13 23:24:06.886\":\"[-0.103112, 9.77631, 0.81235]\",\"2021-06-13 23:24:06.892\":\"[0.100707, 9.77631, 0.81235]\",\"2021-06-13 23:24:06.903\":\"[0.287257, 9.77631, 0.812351]\",\"2021-06-13 23:24:06.922\":\"[0.460789, 9.77631, 0.81235]\",\"2021-06-13 23:24:06.923\":\"[0.620203, 9.77631, 0.81235]\",\"2021-06-13 23:24:06.937\":\"[0.762336, 9.77631, 0.81235]\",\"2021-06-13 23:24:06.942\":\"[0.879088, 9.77631, 0.81235]\",\"2021-06-13 23:24:06.952\":\"[0.962, 9.77631, 0.81235]\",\"2021-06-13 23:24:06.968\":\"[1.00368, 9.77631, 0.81235]\",\"2021-06-13 23:24:06.972\":\"[0.997421, 9.77631, 0.81235]\",\"2021-06-13 23:24:06.984\":\"[0.939647, 9.77631, 0.81235]\",\"2021-06-13 23:24:06.992\":\"[0.831018, 9.77631, 0.81235]\"}','2021-12-18 18:56:00');
/*!40000 ALTER TABLE `tbl_user_sleep_data` ENABLE KEYS */;
UNLOCK TABLES;

--
-- Table structure for table `test`
--

DROP TABLE IF EXISTS `test`;
/*!40101 SET @saved_cs_client     = @@character_set_client */;
/*!50503 SET character_set_client = utf8mb4 */;
CREATE TABLE `test` (
  `column1` int DEFAULT NULL,
  `column2` varchar(10) DEFAULT NULL
) ENGINE=InnoDB DEFAULT CHARSET=utf8mb4 COLLATE=utf8mb4_0900_ai_ci;
/*!40101 SET character_set_client = @saved_cs_client */;

--
-- Dumping data for table `test`
--

LOCK TABLES `test` WRITE;
/*!40000 ALTER TABLE `test` DISABLE KEYS */;
/*!40000 ALTER TABLE `test` ENABLE KEYS */;
UNLOCK TABLES;
/*!40103 SET TIME_ZONE=@OLD_TIME_ZONE */;

/*!40101 SET SQL_MODE=@OLD_SQL_MODE */;
/*!40014 SET FOREIGN_KEY_CHECKS=@OLD_FOREIGN_KEY_CHECKS */;
/*!40014 SET UNIQUE_CHECKS=@OLD_UNIQUE_CHECKS */;
/*!40101 SET CHARACTER_SET_CLIENT=@OLD_CHARACTER_SET_CLIENT */;
/*!40101 SET CHARACTER_SET_RESULTS=@OLD_CHARACTER_SET_RESULTS */;
/*!40101 SET COLLATION_CONNECTION=@OLD_COLLATION_CONNECTION */;
/*!40111 SET SQL_NOTES=@OLD_SQL_NOTES */;

-- Dump completed on 2021-12-21  0:08:21
